[
  {
    "id": "701c138a-678a-4be5-94f8-ba9c7bdddd17",
    "data": [
      {
        "text": "does I get any benefits as I was a company referenced employee?",
        "userDefined": false
      }
    ],
    "isTemplate": false,
    "count": 0,
    "lang": "en",
    "updated": 0
  },
  {
    "id": "216496f2-42a8-4fd8-87c2-05f1306238af",
    "data": [
      {
        "text": "hi",
        "userDefined": false
      }
    ],
    "isTemplate": false,
    "count": 0,
    "lang": "en",
    "updated": 0
  },
  {
    "id": "c52f7cd3-7017-4362-9a39-28ce00790473",
    "data": [
      {
        "text": "how much experience should we have to gain in order acquire team lead position ?",
        "userDefined": false
      }
    ],
    "isTemplate": false,
    "count": 0,
    "lang": "en",
    "updated": 0
  },
  {
    "id": "60c268ae-f1eb-4804-8bf2-4da11c62e309",
    "data": [
      {
        "text": "will I get any medical benefits from our company ?",
        "userDefined": false
      }
    ],
    "isTemplate": false,
    "count": 0,
    "lang": "en",
    "updated": 0
  },
  {
    "id": "ccf14646-e0fd-4251-858d-ed74b77c0f2c",
    "data": [
      {
        "text": "how can I get my working calender access?",
        "userDefined": false
      }
    ],
    "isTemplate": false,
    "count": 0,
    "lang": "en",
    "updated": 0
  },
  {
    "id": "4c763bd1-4717-44b2-b1f8-f7475f54ed40",
    "data": [
      {
        "text": "whom should I contact for my project doubts ?",
        "userDefined": false
      }
    ],
    "isTemplate": false,
    "count": 0,
    "lang": "en",
    "updated": 0
  },
  {
    "id": "a2040f9d-befb-4476-994c-a124bae4029e",
    "data": [
      {
        "text": "what is my salary package?",
        "userDefined": false
      }
    ],
    "isTemplate": false,
    "count": 0,
    "lang": "en",
    "updated": 0
  },
  {
    "id": "3f463ee4-151d-478b-bbe7-4716a807b0ff",
    "data": [
      {
        "text": "what is my position in my team ?",
        "userDefined": false
      }
    ],
    "isTemplate": false,
    "count": 0,
    "lang": "en",
    "updated": 0
  },
  {
    "id": "f155e635-4061-4193-be85-9ec4bd67ee55",
    "data": [
      {
        "text": "what are the working hours ?",
        "userDefined": false
      }
    ],
    "isTemplate": false,
    "count": 0,
    "lang": "en",
    "updated": 0
  },
  {
    "id": "c4748eec-31d0-4a4a-bf38-2177fcecf010",
    "data": [
      {
        "text": "how many leaves does a fresher employee get per month ?",
        "userDefined": false
      }
    ],
    "isTemplate": false,
    "count": 0,
    "lang": "en",
    "updated": 0
  },
  {
    "id": "2bc194d2-77b3-4740-8af1-11132465f4c8",
    "data": [
      {
        "text": "who are my team members?",
        "userDefined": false
      }
    ],
    "isTemplate": false,
    "count": 0,
    "lang": "en",
    "updated": 0
  },
  {
    "id": "6474667b-9abf-417f-8c58-3c571d45bf61",
    "data": [
      {
        "text": "fresher",
        "userDefined": false
      }
    ],
    "isTemplate": false,
    "count": 0,
    "lang": "en",
    "updated": 0
  },
  {
    "id": "5f68fffe-eba5-4be7-b91e-f7945834dcb1",
    "data": [
      {
        "text": "who is our team manager ?",
        "userDefined": false
      }
    ],
    "isTemplate": false,
    "count": 0,
    "lang": "en",
    "updated": 0
  },
  {
    "id": "1cc1514f-0a7e-497e-ac26-bd0429bac3d7",
    "data": [
      {
        "text": "hii",
        "userDefined": false
      }
    ],
    "isTemplate": false,
    "count": 0,
    "lang": "en",
    "updated": 0
  }
]